Article;Name;Unit;Price;CategoryId;Discount;Quantity;Description;Photo;SupplierId;ManufacturerId;;
A112T4;Ботинки;шт.;4990;1;3;6;Женские Ботинки демисезонные kari;1.jpg;1;1;;
F635R4;Ботинки;шт.;3244;1;2;13;Ботинки Marco Tozzi женские демисезонные, размер 39, цвет бежевый;2.jpg;2;2
H782T5;Туфли;шт.;4499;2;5;5;Туфли kari мужские классика MYZ21AW-450A, размер 43, цвет: черный;3.jpg;1;1
G783F5;Ботинки;шт.;5900;2;2;8;Мужские ботинки Рос-Обувь кожаные с натуральным мехом;4.jpg;1;3;;
J384T6;Ботинки;шт.;3800;2;0;16;B3430/14 Полуботинки мужские Rieker;5.jpg;2;4;;
D572U8;Кроссовки;шт.;4100;2;3;0;129615-4 Кроссовки мужские;6.jpg;2;3;;
F572H7;Туфли;шт.;2700;1;2;14;Туфли Marco Tozzi женские летние, размер 39, цвет черный;7.jpg;1;2
D329H3;Полуботинки;шт.;1890;1;0;4;Полуботинки Alessio Nesca женские 3-30797-47, размер 37, цвет: бордовый;8.jpg;2;5
B320R5;Туфли;шт.;4300;1;2;6;Туфли Rieker женские демисезонные, размер 41, цвет коричневый;9.jpg;1;4
G432E4;Туфли;шт.;2800;1;0;15;Туфли kari женские TR-YR-413017, размер 37, цвет: черный;10.jpg;1;1
S213E3;Полуботинки;шт.;2156;2;0;6;407700/01-01 Полуботинки мужские CROSBY;;2;6;;
E482R4;Полуботинки;шт.;1800;1;2;14;Полуботинки kari женские MYZ20S-149, размер 41, цвет: черный;;1;1
S634B5;Кеды;шт.;5500;2;3;0;Кеды Caprice мужские демисезонные, размер 42, цвет черный;;2;6
K345R4;Полуботинки;шт.;2100;2;2;3;407700/01-02 Полуботинки мужские CROSBY;;2;6;;
O754F4;Туфли;шт.;5400;1;4;18;Туфли женские демисезонные Rieker артикул 55073-68/37;;2;4;;
G531F4;Ботинки;шт.;6600;1;0;9;Ботинки женские зимние ROMER арт. 893167-01 Черный;;1;1;;
J542F5;Тапочки;шт.;500;2;0;0;Тапочки мужские Арт.70701-55-67;;1;1;;
B431R5;Ботинки;шт.;2700;2;2;5;Мужские кожаные ботинки/мужские ботинки;;2;4;;
P764G4;Туфли;шт.;6800;1;10;15;Туфли женские, ARGO;;1;6;
C436G5;Ботинки;шт.;10200;1;0;0;Ботинки женские, ARGO, размер 40;;1;5
F427R5;Ботинки;шт.;11800;1;15;0;Ботинки на молнии с декоративной пряжкой FRAU;;2;4;;
N457T5;Полуботинки;шт.;4600;1;3;13;Полуботинки Ботинки черные зимние, мех;;1;6;
D364R4;Туфли;шт.;12400;1;0;5;Туфли Luiza Belly женские Kate-lazo черные из натуральной замши;;1;1;;
S326R5;Тапочки;шт.;9900;2;3;15;"Мужские кожаные тапочки ""Профиль С.Дали"" ";;2;6;;
L754R4;Полуботинки;шт.;1700;1;2;7;Полуботинки kari женские WB2020SS-26, размер 38, цвет: черный;;1;1
M542T5;Кроссовки;шт.;2800;2;20;3;Кроссовки мужские TOFA;;2;4;;
D268G5;Туфли;шт.;4399;1;0;12;Туфли Rieker женские демисезонные, размер 36, цвет коричневый;;2;4
T324F5;Сапоги;шт.;4699;1;2;5;Сапоги замша Цвет: синий;;1;6;;
K358H6;Тапочки;шт.;599;2;20;2;Тапочки мужские син р.41;;1;4;;
H535R5;Ботинки;шт.;2300;1;0;7;Женские Ботинки демисезонные;;2;4;;
